hs_idx,position_name,is_correct,gold_single,n,mean_margin,hits_at_1,hits_at_5,mrr
0,answer_prefix,False,False,11639,inf,0.04613798436291778,0.24546782369619383,0.16726565717653544
0,answer_prefix,False,True,693,-5.166989,0.011544011544011544,0.06926406926406926,0.09657576251262712
0,answer_prefix,True,False,7151,-4.3185067,0.04125297161236191,0.2247238148510698,0.1567417307083174
0,answer_prefix,True,True,687,-4.8584857,0.020378457059679767,0.06695778748180495,0.09807036074775898
0,entity_first,False,False,10691,inf,0.05471892245814236,0.2163502011037321,0.1670496564253824
0,entity_first,False,True,661,-4.877162,0.03328290468986384,0.17095310136157338,0.13586758278930072
0,entity_first,True,False,6484,-4.78602,0.05336212214682295,0.1986428130783467,0.1603465182175133
0,entity_first,True,True,663,-4.884115,0.015082956259426848,0.1282051282051282,0.11241081348406647
0,entity_last,False,False,10691,inf,0.059676363296230474,0.2366476475540174,0.17220032402428356
0,entity_last,False,True,661,-4.816377,0.01361573373676248,0.19364599092284418,0.12962746513956222
0,entity_last,True,False,6484,-4.840663,0.049814929056138185,0.22069710055521283,0.15971828382559652
0,entity_last,True,True,663,-4.840617,0.0196078431372549,0.17496229260935142,0.13191059297949637
0,entity_mean,False,False,10691,inf,0.06360490131886634,0.24216630810962492,0.1780408284386276
0,entity_mean,False,True,661,-5.277538,0.0,0.1437216338880484,0.11162577152430739
0,entity_mean,True,False,6484,-4.704276,0.05983960518198643,0.23149290561381863,0.1700291861208991
0,entity_mean,True,True,663,-5.2057505,0.0030165912518853697,0.14027149321266968,0.1130283985479303
0,final_prompt_token,False,False,11639,inf,0.10138328035054558,0.24297620070452788,0.20088310661055475
0,final_prompt_token,False,True,693,-5.422801,0.031746031746031744,0.10245310245310245,0.1157380789959852
0,final_prompt_token,True,False,7151,-4.6121807,0.0858621171864075,0.2409453223325409,0.1921477774708754
0,final_prompt_token,True,True,687,-5.622378,0.01455604075691412,0.06841339155749636,0.08727367979450071
0,first_generated_token,False,False,11639,inf,0.08127846034882721,0.2398831514734943,0.18925097199868188
0,first_generated_token,False,True,693,-4.97802,0.031746031746031744,0.1717171717171717,0.13340821459321886
0,first_generated_token,True,False,7151,-4.542848,0.06936092854146274,0.2290588728849112,0.1787562073129729
0,first_generated_token,True,True,687,-4.83502,0.021834061135371178,0.2096069868995633,0.13424826404580215
0,question_last,False,False,11639,inf,0.10078185411117793,0.24392129908067703,0.19986676913939985
0,question_last,False,True,693,-5.5068865,0.01443001443001443,0.08946608946608947,0.10488878711123488
0,question_last,True,False,7151,-4.575602,0.08837924765767026,0.241644525241225,0.19286714842114125
0,question_last,True,True,687,-5.2059135,0.020378457059679767,0.10334788937409024,0.10855058074917462
1,answer_prefix,False,False,11639,inf,0.05215224675659421,0.24735802044849214,0.17158737373085287
1,answer_prefix,False,True,693,-3.5576384,0.05339105339105339,0.30158730158730157,0.1909124076004981
1,answer_prefix,True,False,7151,-4.0503798,0.04726611662704517,0.2248636554328066,0.16191166535036203
1,answer_prefix,True,True,687,-3.7386892,0.033478893740902474,0.28820960698689957,0.1709564187415946
1,entity_first,False,False,10691,inf,0.05864746048077822,0.22598447292114862,0.16887678869391248
1,entity_first,False,True,661,-4.208438,0.012102874432677761,0.1951588502269289,0.13290320246585274
1,entity_first,True,False,6484,-4.2416744,0.04842689697717458,0.2066625539790253,0.15893336325918528
1,entity_first,True,True,663,-4.1924057,0.024132730015082957,0.1794871794871795,0.12730370712701816
1,entity_last,False,False,10691,inf,0.06454026751473202,0.235431671499392,0.17351559342013337
1,entity_last,False,True,661,-4.176576,0.057488653555219364,0.23600605143721634,0.1780584480587599
1,entity_last,True,False,6484,-4.5019116,0.05289944478716842,0.21992597162245528,0.1599957724614386
1,entity_last,True,True,663,-4.18245,0.05279034690799397,0.2368024132730015,0.16985561871960148
1,entity_mean,False,False,10691,inf,0.06023758301374988,0.2299130109437845,0.1711695482193968
1,entity_mean,False,True,661,-3.9018462,0.03479576399394856,0.19667170953101362,0.14643397265905098
1,entity_mean,True,False,6484,-4.159194,0.047501542257865514,0.21252313386798272,0.15702009852263174
1,entity_mean,True,True,663,-3.9737418,0.030165912518853696,0.16289592760180996,0.13311719635385105
1,final_prompt_token,False,False,11639,inf,0.09227596872583556,0.24761577455107828,0.199874797181768
1,final_prompt_token,False,True,693,-3.319977,0.025974025974025976,0.2842712842712843,0.1630749992663693
1,final_prompt_token,True,False,7151,-3.5216882,0.08572227660467067,0.22542301775975387,0.18723392426897603
1,final_prompt_token,True,True,687,-3.5076427,0.03056768558951965,0.24745269286754004,0.1536460621992592
1,first_generated_token,False,False,11639,inf,0.05369877137211101,0.24538190566199847,0.17030022376432394
1,first_generated_token,False,True,693,-3.9388034,0.023088023088023088,0.19336219336219337,0.14135486807375636
1,first_generated_token,True,False,7151,-3.721262,0.07229758075793595,0.26737519228079987,0.19278261602667648
1,first_generated_token,True,True,687,-3.655223,0.13100436681222707,0.31004366812227074,0.23575616864633234
1,question_last,False,False,11639,inf,0.11495832975341524,0.2775152504510697,0.22133433752402795
1,question_last,False,True,693,-4.978812,0.031746031746031744,0.16305916305916307,0.12727963996345
1,question_last,True,False,7151,-4.4146137,0.0949517549993008,0.2504544818906447,0.20046275744375736
1,question_last,True,True,687,-4.786539,0.039301310043668124,0.17467248908296942,0.13606272944126743
2,answer_prefix,False,False,11639,inf,0.08256723086175788,0.26411203711659076,0.1976758784315711
2,answer_prefix,False,True,693,-3.3907428,0.03751803751803752,0.25685425685425683,0.1590837212147198
2,answer_prefix,True,False,7151,-3.3342128,0.06978045028667319,0.2297580757935953,0.1803169994190453
2,answer_prefix,True,True,687,-3.4377897,0.033478893740902474,0.2052401746724891,0.14500049292150474
2,entity_first,False,False,10691,inf,0.06818819567860818,0.24478533345804881,0.18132321165999976
2,entity_first,False,True,661,-4.241809,0.024205748865355523,0.14069591527987896,0.12530190985378598
2,entity_first,True,False,6484,-3.959197,0.051511412708204814,0.22316471314003702,0.16433140228862117
2,entity_first,True,True,663,-4.302797,0.015082956259426848,0.14027149321266968,0.11434275572178984
2,entity_last,False,False,10691,inf,0.07529697876718736,0.23823777008698904,0.18527903356215014
2,entity_last,False,True,661,-4.369329,0.0453857791225416,0.2087745839636914,0.15673310049118125
2,entity_last,True,False,6484,-4.301431,0.056600863664404685,0.21792103639728563,0.1673848400961565
2,entity_last,True,True,663,-4.264249,0.030165912518853696,0.20211161387631976,0.14199412514291965
2,entity_mean,False,False,10691,inf,0.07716771115891871,0.24207277149003836,0.18662561286857096
2,entity_mean,False,True,661,-4.234679,0.03177004538577912,0.17095310136157338,0.13768111020753762
2,entity_mean,True,False,6484,-3.920403,0.06415792720542875,0.21961752004935226,0.17331892741432398
2,entity_mean,True,True,663,-4.193407,0.021116138763197588,0.16591251885369532,0.12382365224043138
2,final_prompt_token,False,False,11639,inf,0.06426668957814245,0.2537159549789501,0.18473419258134027
2,final_prompt_token,False,True,693,-3.1716292,0.03318903318903319,0.25685425685425683,0.1543970717655458
2,final_prompt_token,True,False,7151,-3.1995559,0.06446650818067404,0.2243042931058593,0.17424259842778758
2,final_prompt_token,True,True,687,-3.3147357,0.036390101892285295,0.22416302765647744,0.14837649540962466
2,first_generated_token,False,False,11639,inf,0.05438611564567403,0.24039865967866655,0.17162681931394744
2,first_generated_token,False,True,693,-3.9265606,0.015873015873015872,0.19480519480519481,0.1347395365787521
2,first_generated_token,True,False,7151,-3.416779,0.08404418962382884,0.28737239546916515,0.20745352543301845
2,first_generated_token,True,True,687,-3.3846643,0.09315866084425037,0.3304221251819505,0.23222036351676686
2,question_last,False,False,11639,inf,0.11736403471088581,0.2788899389981957,0.22361695392533346
2,question_last,False,True,693,-5.558692,0.024531024531024532,0.15584415584415584,0.11691156404099515
2,question_last,True,False,7151,-4.69777,0.09830792896098448,0.25199272828974967,0.2043040536569121
2,question_last,True,True,687,-5.2285624,0.01601164483260553,0.17758369723435224,0.11541674644953522
3,answer_prefix,False,False,11639,inf,0.07122605034796804,0.2589569550648681,0.19094733281228307
3,answer_prefix,False,True,693,-3.261701,0.03463203463203463,0.24242424242424243,0.15247002702824827
3,answer_prefix,True,False,7151,-3.1658857,0.05887288491120123,0.23437281499091037,0.17555607813366075
3,answer_prefix,True,True,687,-3.33062,0.021834061135371178,0.21542940320232898,0.1433444859457065
3,entity_first,False,False,10691,inf,0.06921709849406042,0.24151155177251893,0.18116403452266489
3,entity_first,False,True,661,-4.144856,0.03479576399394856,0.18910741301059,0.13958605979415648
3,entity_first,True,False,6484,-4.14757,0.05228254164096237,0.22069710055521283,0.1645463537630005
3,entity_first,True,True,663,-4.2750096,0.02564102564102564,0.1689291101055807,0.12883136039674628
3,entity_last,False,False,10691,inf,0.0695912449724067,0.24450472359928913,0.1825899281233926
3,entity_last,False,True,661,-4.4667697,0.048411497730711045,0.19818456883509833,0.1449636064320455
3,entity_last,True,False,6484,-4.352641,0.05937692782233189,0.23180135718692166,0.17284006358300555
3,entity_last,True,True,663,-4.6212044,0.042232277526395176,0.14328808446455504,0.12689358995928993
3,entity_mean,False,False,10691,inf,0.07090075764661866,0.2472172855672996,0.18386870776244327
3,entity_mean,False,True,661,-4.2799487,0.0226928895612708,0.18608169440242056,0.12834930626149474
3,entity_mean,True,False,6484,-3.962751,0.05983960518198643,0.2299506477483035,0.17245019099007772
3,entity_mean,True,True,663,-4.491917,0.02262443438914027,0.1583710407239819,0.11894168804759571
3,final_prompt_token,False,False,11639,inf,0.03634332846464473,0.23919580719993128,0.1595035564864672
3,final_prompt_token,False,True,693,-3.1489809,0.03751803751803752,0.24963924963924963,0.15766821793198318
3,final_prompt_token,True,False,7151,-3.2882233,0.029925884491679485,0.22724094532233255,0.1489336728410311
3,final_prompt_token,True,True,687,-3.2226155,0.046579330422125184,0.2096069868995633,0.16191907458285618
3,first_generated_token,False,False,11639,inf,0.05472978778245554,0.23696193831085144,0.17153322548989564
3,first_generated_token,False,True,693,-3.9905694,0.023088023088023088,0.227994227994228,0.1458892922619329
3,first_generated_token,True,False,7151,-3.081885,0.12865333519787442,0.35141938190462874,0.25576172713139217
3,first_generated_token,True,True,687,-2.9085758,0.15574963609898107,0.4032023289665211,0.280003210740801
3,question_last,False,False,11639,inf,0.10696795257324512,0.2817252341266432,0.21865139111678092
3,question_last,False,True,693,-5.216192,0.023088023088023088,0.16883116883116883,0.11829215031440414
3,question_last,True,False,7151,-4.335692,0.08544259544119703,0.2546496993427493,0.1976764135435973
3,question_last,True,True,687,-4.8314137,0.013100436681222707,0.2081513828238719,0.12548342855358097
4,answer_prefix,False,False,11639,inf,0.03350803333619727,0.21866139702723603,0.15051595133236023
4,answer_prefix,False,True,693,-3.5838685,0.03607503607503607,0.227994227994228,0.1585733211070566
4,answer_prefix,True,False,7151,-3.795145,0.029925884491679485,0.19857362606628443,0.14339511950082184
4,answer_prefix,True,True,687,-3.7052376,0.03784570596797671,0.21397379912663755,0.14679455018549373
4,entity_first,False,False,10691,inf,0.06837526891778131,0.24768496866523243,0.18243870781619406
4,entity_first,False,True,661,-4.3286715,0.028744326777609682,0.2042360060514372,0.14000996938381408
4,entity_first,True,False,6484,-4.277301,0.05413325107958051,0.23164713140037013,0.16870226144792666
4,entity_first,True,True,663,-4.3834157,0.043740573152337855,0.19909502262443438,0.14703450559201584
4,entity_last,False,False,10691,inf,0.06379197455803948,0.23337386586848752,0.1760674754326002
4,entity_last,False,True,661,-4.845014,0.036308623298033284,0.16187594553706505,0.13100995514137448
4,entity_last,True,False,6484,-4.5450397,0.05012338062924121,0.21714990746452806,0.16328819937882044
4,entity_last,True,True,663,-5.094129,0.02262443438914027,0.13273001508295626,0.11943088440019191
4,entity_mean,False,False,10691,inf,0.06968478159199326,0.2469366757085399,0.18299857710418313
4,entity_mean,False,True,661,-4.587127,0.024205748865355523,0.14977307110438728,0.12319262824466284
4,entity_mean,True,False,6484,-4.256696,0.05999383096853794,0.23704503392967305,0.17270050377925797
4,entity_mean,True,True,663,-4.8608804,0.02865761689291101,0.17496229260935142,0.1236324587153072
4,final_prompt_token,False,False,11639,inf,0.033679869404588024,0.21874731506143139,0.1519330894523948
4,final_prompt_token,False,True,693,-3.1310024,0.04329004329004329,0.22510822510822512,0.15943854806884428
4,final_prompt_token,True,False,7151,-3.638578,0.030345406236889947,0.20165011886449447,0.14361486069757123
4,final_prompt_token,True,True,687,-3.330116,0.0611353711790393,0.21251819505094613,0.16189846635810304
4,first_generated_token,False,False,11639,inf,0.05352693530372025,0.23661826617406995,0.17046815962744039
4,first_generated_token,False,True,693,-4.187836,0.03318903318903319,0.21212121212121213,0.14784194288706756
4,first_generated_token,True,False,7151,-3.1501834,0.14012026290029367,0.3532373094672074,0.26188973526792236
4,first_generated_token,True,True,687,-3.158569,0.13973799126637554,0.38573508005822416,0.27354347483746944
4,question_last,False,False,11639,inf,0.10653836240226823,0.27605464386974826,0.21650853408129972
4,question_last,False,True,693,-5.435355,0.027417027417027416,0.1341991341991342,0.1137756972370025
4,question_last,True,False,7151,-4.2579975,0.0886589288211439,0.2508740036358551,0.19726900837126993
4,question_last,True,True,687,-4.916127,0.02911208151382824,0.14410480349344978,0.125288573564203
5,answer_prefix,False,False,11639,inf,0.05129306641464043,0.24142967608901109,0.16999646410491415
5,answer_prefix,False,True,693,-3.8703759,0.023088023088023088,0.18181818181818182,0.12775752089568293
5,answer_prefix,True,False,7151,-3.4642448,0.04670675430009789,0.2178716263459656,0.16051571365841943
5,answer_prefix,True,True,687,-3.7052975,0.03784570596797671,0.1965065502183406,0.14188003712653657
5,entity_first,False,False,10691,inf,0.07230380694041717,0.26003180245065943,0.1891484124946718
5,entity_first,False,True,661,-4.514492,0.02118003025718608,0.19213313161875945,0.12729862065031983
5,entity_first,True,False,6484,-4.2417407,0.0567550894509562,0.24521900061690316,0.17438992079142676
5,entity_first,True,True,663,-4.4135814,0.0392156862745098,0.1689291101055807,0.13542243313584948
5,entity_last,False,False,10691,inf,0.06388551117762604,0.22888410812833224,0.17605057144095154
5,entity_last,False,True,661,-4.7209587,0.05143721633888049,0.19667170953101362,0.14819106986455657
5,entity_last,True,False,6484,-4.5802417,0.051511412708204814,0.21792103639728563,0.1651548690336372
5,entity_last,True,True,663,-4.7995243,0.06184012066365008,0.18250377073906485,0.15169934335744809
5,entity_mean,False,False,10691,inf,0.0675334393415022,0.24646899261060706,0.18389096294647
5,entity_mean,False,True,661,-4.5758247,0.012102874432677761,0.1664145234493192,0.1250499015264016
5,entity_mean,True,False,6484,-4.2335043,0.054287476866132015,0.23889574336829117,0.17125443546937405
5,entity_mean,True,True,663,-4.5255356,0.02564102564102564,0.1568627450980392,0.12971461463845924
5,final_prompt_token,False,False,11639,inf,0.03496863991751869,0.21436549531746713,0.1511417540165087
5,final_prompt_token,False,True,693,-3.291026,0.024531024531024532,0.19336219336219337,0.13828816928445747
5,final_prompt_token,True,False,7151,-3.4990695,0.030904768563837226,0.1974549014123899,0.14386450545881144
5,final_prompt_token,True,True,687,-3.4398427,0.026200873362445413,0.17758369723435224,0.13253665495673866
5,first_generated_token,False,False,11639,inf,0.05928344359481055,0.24340579087550476,0.1781383338937819
5,first_generated_token,False,True,693,-4.2467566,0.015873015873015872,0.1919191919191919,0.12806160087559165
5,first_generated_token,True,False,7151,-3.04666,0.14907006013145016,0.35393651237589147,0.27250864185395335
5,first_generated_token,True,True,687,-3.1862469,0.14410480349344978,0.3813682678311499,0.2804379330635513
5,question_last,False,False,11639,inf,0.10198470658991322,0.29323825070882376,0.21764705052554612
5,question_last,False,True,693,-7.102713,0.008658008658008658,0.08513708513708514,0.08550210279580392
5,question_last,True,False,7151,-5.177781,0.08292546496993428,0.26919311984337857,0.1980169572538681
5,question_last,True,True,687,-6.5450773,0.013100436681222707,0.09461426491994178,0.0964470862904191
6,answer_prefix,False,False,11639,inf,0.05790875504768451,0.2402268236102758,0.1726874534959327
6,answer_prefix,False,True,693,-4.186093,0.030303030303030304,0.1443001443001443,0.12033975196799915
6,answer_prefix,True,False,7151,-3.6649187,0.052719899314781146,0.22835966997622711,0.16624688088430575
6,answer_prefix,True,True,687,-4.0456524,0.042212518195050945,0.16593886462882096,0.13598542851247616
6,entity_first,False,False,10691,inf,0.07389392947338883,0.254700215134225,0.1898173807209597
6,entity_first,False,True,661,-4.2271557,0.03328290468986384,0.18305597579425115,0.13827486083882484
6,entity_first,True,False,6484,-4.144816,0.060610734114743985,0.24290561381863046,0.17816113714529067
6,entity_first,True,True,663,-4.209405,0.03770739064856712,0.16440422322775264,0.14192515487408724
6,entity_last,False,False,10691,inf,0.0593022168178842,0.23477691516228605,0.1750656982373733
6,entity_last,False,True,661,-4.588755,0.0453857791225416,0.2178517397881997,0.15695527007471097
6,entity_last,True,False,6484,-4.5165715,0.04688463911165947,0.21684145589142503,0.16190530982807844
6,entity_last,True,True,663,-4.670332,0.05731523378582202,0.21116138763197587,0.1621963753021493
6,entity_mean,False,False,10691,inf,0.06304368160134692,0.2529230193620803,0.1824244717310197
6,entity_mean,False,True,661,-4.3931103,0.03479576399394856,0.1815431164901664,0.14878177793207326
6,entity_mean,True,False,6484,-4.112099,0.05737199259716225,0.2461443553362122,0.17768223549755655
6,entity_mean,True,True,663,-4.386554,0.04072398190045249,0.15987933634992457,0.14565461106895827
6,final_prompt_token,False,False,11639,inf,0.06246241086003952,0.2543173812183177,0.179324822535228
6,final_prompt_token,False,True,693,-3.441646,0.024531024531024532,0.1774891774891775,0.1353830974723658
6,final_prompt_token,True,False,7151,-3.4363034,0.06292826178156902,0.24038596000559362,0.1744298073777642
6,final_prompt_token,True,True,687,-3.5561783,0.020378457059679767,0.17612809315866085,0.12663711234460412
6,first_generated_token,False,False,11639,inf,0.06065813214193659,0.24478047942263081,0.17830432915313776
6,first_generated_token,False,True,693,-4.1234837,0.027417027417027416,0.15295815295815296,0.13008613759665785
6,first_generated_token,True,False,7151,-2.9191763,0.14613340791497692,0.3588309327366802,0.27019986665119267
6,first_generated_token,True,True,687,-2.9849544,0.14992721979621543,0.38573508005822416,0.2791092975004679
6,question_last,False,False,11639,inf,0.11547383795858751,0.30191597216255694,0.2284698386175278
6,question_last,False,True,693,-6.4729996,0.010101010101010102,0.06926406926406926,0.08417397016127674
6,question_last,True,False,7151,-4.8231907,0.09928681303314221,0.2787022794014823,0.21042149447616482
6,question_last,True,True,687,-5.995609,0.013100436681222707,0.09315866084425037,0.09839356815224769
7,answer_prefix,False,False,11639,inf,0.08102070624624108,0.267806512586992,0.1994155042640742
7,answer_prefix,False,True,693,-4.6302004,0.010101010101010102,0.10533910533910534,0.09234092654855369
7,answer_prefix,True,False,7151,-3.5963724,0.07425534890225144,0.24919591665501328,0.18685787482282576
7,answer_prefix,True,True,687,-4.558605,0.018922852983988356,0.09461426491994178,0.09899194531952371
7,entity_first,False,False,10691,inf,0.07613880834346647,0.2645215601908147,0.19486304644551758
7,entity_first,False,True,661,-4.272663,0.04387291981845688,0.18910741301059,0.1488415583583888
7,entity_first,True,False,6484,-4.0138474,0.06924737816162863,0.2550894509561999,0.18661582124968726
7,entity_first,True,True,663,-4.342729,0.05279034690799397,0.1568627450980392,0.1477801747141989
7,entity_last,False,False,10691,inf,0.07155551398372463,0.25769338696099525,0.18839723322730448
7,entity_last,False,True,661,-4.5823174,0.046898638426626324,0.20726172465960666,0.15427627852289952
7,entity_last,True,False,6484,-4.4288445,0.061844540407156076,0.25046267735965455,0.18066962051537463
7,entity_last,True,True,663,-4.583646,0.04072398190045249,0.21417797888386123,0.15096458541777313
7,entity_mean,False,False,10691,inf,0.07267795341876344,0.27256570947525954,0.19523138919172567
7,entity_mean,False,True,661,-4.437466,0.05143721633888049,0.18910741301059,0.15821830958168998
7,entity_mean,True,False,6484,-3.9858646,0.06431215299198026,0.2759099321406539,0.18886432578439716
7,entity_mean,True,True,663,-4.4693747,0.048265460030165915,0.18552036199095023,0.15304123543703632
7,final_prompt_token,False,False,11639,inf,0.05146490248303119,0.2603316436119942,0.17474493651042708
7,final_prompt_token,False,True,693,-3.6584635,0.024531024531024532,0.1443001443001443,0.12304129127764525
7,final_prompt_token,True,False,7151,-3.314979,0.04265137742973011,0.23633058313522584,0.1607133974215695
7,final_prompt_token,True,True,687,-3.6823215,0.021834061135371178,0.13100436681222707,0.1153397768269611
7,first_generated_token,False,False,11639,inf,0.06486811581751009,0.2674628404502105,0.18721346353242624
7,first_generated_token,False,True,693,-4.572508,0.007215007215007215,0.12987012987012986,0.10317631162624158
7,first_generated_token,True,False,7151,-3.0318768,0.1529855964200811,0.38805761431967556,0.28214726590858996
7,first_generated_token,True,True,687,-2.975959,0.16739446870451238,0.3813682678311499,0.29136185504549056
7,question_last,False,False,11639,inf,0.11659077240312742,0.2866225620757797,0.2263000592772758
7,question_last,False,True,693,-6.8569603,0.005772005772005772,0.07503607503607504,0.08646558714583664
7,question_last,True,False,7151,-5.2091594,0.09718920430708992,0.2633198154104321,0.20607023604269203
7,question_last,True,True,687,-6.46897,0.005822416302765648,0.0858806404657933,0.09252007982794704
8,answer_prefix,False,False,11639,inf,0.06589913222785462,0.27029813557865795,0.1884581871849146
8,answer_prefix,False,True,693,-4.7756424,0.020202020202020204,0.10966810966810966,0.10529577785684319
8,answer_prefix,True,False,7151,-3.7888587,0.05817368200251713,0.25311145294364423,0.17989018835170853
8,answer_prefix,True,True,687,-4.6601567,0.027656477438136828,0.1091703056768559,0.11034587374963746
8,entity_first,False,False,10691,inf,0.08118978580114114,0.2686371714526237,0.19873215019998972
8,entity_first,False,True,661,-4.53888,0.02723146747352496,0.19969742813918306,0.13304443037171068
8,entity_first,True,False,6484,-3.993291,0.06971005552128316,0.2515422578655151,0.18825995711284613
8,entity_first,True,True,663,-4.5677295,0.042232277526395176,0.14328808446455504,0.13451033036756985
8,entity_last,False,False,10691,inf,0.08680198297633523,0.2698531475072491,0.2018511818501905
8,entity_last,False,True,661,-4.5993304,0.028744326777609682,0.20726172465960666,0.14459727788071128
8,entity_last,True,False,6484,-4.1847367,0.07788402220851326,0.26850709438618137,0.19303050462330032
8,entity_last,True,True,663,-4.558479,0.043740573152337855,0.1975867269984917,0.15092043816397532
8,entity_mean,False,False,10691,inf,0.08446356748667103,0.29080535029464033,0.20797554071893476
8,entity_mean,False,True,661,-4.485595,0.05446293494704992,0.18608169440242056,0.1535406000114797
8,entity_mean,True,False,6484,-3.7632854,0.07880937692782233,0.2914867365823566,0.205206872808817
8,entity_mean,True,True,663,-4.4556417,0.05128205128205128,0.18250377073906485,0.15472955635558863
8,final_prompt_token,False,False,11639,inf,0.03325027923361114,0.2068906263424693,0.14798925386233142
8,final_prompt_token,False,True,693,-3.3949134,0.05483405483405483,0.19913419913419914,0.15942754947153442
8,final_prompt_token,True,False,7151,-3.6578987,0.03426094252552091,0.18123339393091875,0.14219891118477523
8,final_prompt_token,True,True,687,-3.4374335,0.036390101892285295,0.22270742358078602,0.15714604433849538
8,first_generated_token,False,False,11639,inf,0.07002319786923275,0.26651774207406137,0.19226397916802032
8,first_generated_token,False,True,693,-4.682416,0.010101010101010102,0.13131313131313133,0.10835135883643572
8,first_generated_token,True,False,7151,-3.0240326,0.1564816109635016,0.39560900573346386,0.28672222690478255
8,first_generated_token,True,True,687,-2.8380668,0.22125181950509462,0.44541484716157204,0.3346599367216235
8,question_last,False,False,11639,inf,0.11444282154824298,0.2939255949823868,0.22701188570301395
8,question_last,False,True,693,-6.281737,0.010101010101010102,0.09812409812409813,0.08990598010280752
8,question_last,True,False,7151,-4.704182,0.09173542161935394,0.25996364144874845,0.20365514667600568
8,question_last,True,True,687,-5.996601,0.03202328966521106,0.08733624454148471,0.10555860162125184
9,answer_prefix,False,False,11639,inf,0.08110662428043647,0.2726179225019332,0.1993648317620607
9,answer_prefix,False,True,693,-6.348108,0.004329004329004329,0.08225108225108226,0.08358221567085161
9,answer_prefix,True,False,7151,-4.7217035,0.07131869668577821,0.25660746748706476,0.18691687360922601
9,answer_prefix,True,True,687,-6.2083197,0.013100436681222707,0.08005822416302766,0.09385065070916658
9,entity_first,False,False,10691,inf,0.07585819848470676,0.26732765877841175,0.19442662873581473
9,entity_first,False,True,661,-4.57884,0.028744326777609682,0.17851739788199697,0.13286737447558195
9,entity_first,True,False,6484,-4.114084,0.06585441085749537,0.25046267735965455,0.1839939375142064
9,entity_first,True,True,663,-4.707555,0.03167420814479638,0.1493212669683258,0.1253899395690853
9,entity_last,False,False,10691,inf,0.08942100832475915,0.28425778692358056,0.2086320028197004
9,entity_last,False,True,661,-4.515404,0.03479576399394856,0.1815431164901664,0.13713083209626017
9,entity_last,True,False,6484,-3.9675758,0.08004318322023442,0.26249228871067243,0.1986112349708448
9,entity_last,True,True,663,-4.523572,0.04675716440422323,0.16138763197586728,0.14415394655061062
9,entity_mean,False,False,10691,inf,0.08483771396501731,0.2953886446543822,0.209996725079757
9,entity_mean,False,True,661,-4.479221,0.03328290468986384,0.17246596066565809,0.13673306693086507
9,entity_mean,True,False,6484,-3.6512733,0.08204811844540408,0.2865515114127082,0.2056177161944041
9,entity_mean,True,True,663,-4.5130568,0.027149321266968326,0.15384615384615385,0.13132602442724586
9,final_prompt_token,False,False,11639,inf,0.0468253286364808,0.2402268236102758,0.16420488544437362
9,final_prompt_token,False,True,693,-3.9695568,0.03318903318903319,0.17893217893217894,0.13066155759802323
9,final_prompt_token,True,False,7151,-3.6797338,0.038316319395888684,0.21255768423996643,0.15080085775626068
9,final_prompt_token,True,True,687,-3.8696673,0.036390101892285295,0.21688500727802038,0.1452711685087173
9,first_generated_token,False,False,11639,inf,0.07217114872411719,0.26918120113411803,0.19381721171639976
9,first_generated_token,False,True,693,-4.960439,0.020202020202020204,0.15151515151515152,0.11403839329646415
9,first_generated_token,True,False,7151,-3.1490006,0.17060550971892044,0.3911341071178856,0.2955712672405069
9,first_generated_token,True,True,687,-2.9536645,0.22707423580786026,0.4497816593886463,0.3376954212460229
9,question_last,False,False,11639,inf,0.11951198556577025,0.2977919065211788,0.23135486699999838
9,question_last,False,True,693,-7.7183313,0.004329004329004329,0.05772005772005772,0.07761052013118051
9,question_last,True,False,7151,-5.4264836,0.0970493637253531,0.28317717801706055,0.2110075786021824
9,question_last,True,True,687,-7.365227,0.010189228529839884,0.05240174672489083,0.08377580608698235
10,answer_prefix,False,False,11639,inf,0.08394191940888393,0.2647993813901538,0.1996968493787926
10,answer_prefix,False,True,693,-5.498628,0.008658008658008658,0.11255411255411256,0.0954318154149439
10,answer_prefix,True,False,7151,-4.4048467,0.07019997203188365,0.24793735141938192,0.1842966870983633
10,answer_prefix,True,True,687,-5.4024515,0.008733624454148471,0.10189228529839883,0.0939650975549732
10,entity_first,False,False,10691,inf,0.06369843793845291,0.26704704891965203,0.18655510530001823
10,entity_first,False,True,661,-4.4844604,0.030257186081694403,0.15128593040847202,0.1296915188447215
10,entity_first,True,False,6484,-4.053945,0.05706354102405922,0.25724861196792104,0.17975040243384582
10,entity_first,True,True,663,-4.5752287,0.04675716440422323,0.15987933634992457,0.14314489857259718
10,entity_last,False,False,10691,inf,0.08334112805163221,0.2819193714339164,0.20495127630833165
10,entity_last,False,True,661,-4.594706,0.04387291981845688,0.18608169440242056,0.1491214816892493
10,entity_last,True,False,6484,-3.9374888,0.07325724861196792,0.28007402837754475,0.20050934272861298
10,entity_last,True,True,663,-4.5024877,0.05128205128205128,0.25037707390648567,0.16736223884909757
10,entity_mean,False,False,10691,inf,0.07735478439809185,0.28874754466373587,0.20417143550053504
10,entity_mean,False,True,661,-4.3826137,0.04084720121028744,0.19062027231467474,0.14655837721915874
10,entity_mean,True,False,6484,-3.6889822,0.07387415175817397,0.283775447254781,0.20374507392838004
10,entity_mean,True,True,663,-4.289301,0.033182503770739065,0.23076923076923078,0.15346636719595536
10,final_prompt_token,False,False,11639,inf,0.040381476071827474,0.217974052753673,0.15615560095727443
10,final_prompt_token,False,True,693,-3.7301621,0.03318903318903319,0.2222222222222222,0.14656649350411485
10,final_prompt_token,True,False,7151,-3.4978142,0.03132429030904769,0.20542581457138862,0.14745683023258527
10,final_prompt_token,True,True,687,-3.7044797,0.021834061135371178,0.19068413391557495,0.13373983280880974
10,first_generated_token,False,False,11639,inf,0.061946902654867256,0.2650571354927399,0.18677968287335941
10,first_generated_token,False,True,693,-4.6405663,0.030303030303030304,0.12554112554112554,0.11757440318675935
10,first_generated_token,True,False,7151,-3.385767,0.11676688575024471,0.3498811355055237,0.2473890859388986
10,first_generated_token,True,True,687,-3.1086042,0.1717612809315866,0.413391557496361,0.2995632672903036
10,question_last,False,False,11639,inf,0.12174585445485007,0.2951284474611221,0.2338624639537654
10,question_last,False,True,693,-6.65222,0.002886002886002886,0.08802308802308802,0.08434631546090483
10,question_last,True,False,7151,-4.7989955,0.10166410292266816,0.27492658369458817,0.21318641787723
10,question_last,True,True,687,-6.2080946,0.005822416302765648,0.08733624454148471,0.08928496641080547
11,answer_prefix,False,False,11639,inf,0.07345991923704785,0.2525131025002148,0.18798369187493358
11,answer_prefix,False,True,693,-5.1449046,0.011544011544011544,0.113997113997114,0.0973094882288195
11,answer_prefix,True,False,7151,-4.0838704,0.06446650818067404,0.2367501048804363,0.17762724980180303
11,answer_prefix,True,True,687,-4.9961004,0.013100436681222707,0.08151382823871907,0.09235487947574254
11,entity_first,False,False,10691,inf,0.06584978018894397,0.26087363202693853,0.18703711683984112
11,entity_first,False,True,661,-4.4344473,0.028744326777609682,0.1573373676248109,0.13030011350615123
11,entity_first,True,False,6484,-3.881047,0.06770512029611352,0.25848241826033314,0.18756948518977443
11,entity_first,True,True,663,-4.4586825,0.04072398190045249,0.16138763197586728,0.1367167800875224
11,entity_last,False,False,10691,inf,0.08755027593302778,0.28079693199887756,0.20737158439288317
11,entity_last,False,True,661,-4.2881746,0.05143721633888049,0.2102874432677761,0.1631587813902081
11,entity_last,True,False,6484,-3.8055289,0.07788402220851326,0.291024059222702,0.20532524143567754
11,entity_last,True,True,663,-4.204862,0.049773755656108594,0.27450980392156865,0.1703305081023327
11,entity_mean,False,False,10691,inf,0.0763258815826396,0.29192778972967914,0.2050979433391231
11,entity_mean,False,True,661,-4.174919,0.04236006051437216,0.19818456883509833,0.1519046346260987
11,entity_mean,True,False,6484,-3.5118682,0.07618753855644664,0.2911782850092535,0.20674677807335404
11,entity_mean,True,True,663,-4.016629,0.058823529411764705,0.22171945701357465,0.17254792229988888
11,final_prompt_token,False,False,11639,inf,0.041412492482172006,0.20311023283787266,0.15267441281112779
11,final_prompt_token,False,True,693,-3.577295,0.050505050505050504,0.21933621933621933,0.15670658401741946
11,final_prompt_token,True,False,7151,-3.7937884,0.035379667179415465,0.18305132149349743,0.14367185086222728
11,final_prompt_token,True,True,687,-3.6966355,0.018922852983988356,0.2052401746724891,0.1337522015186426
11,first_generated_token,False,False,11639,inf,0.06478219778331472,0.26763467651860123,0.1895145112083678
11,first_generated_token,False,True,693,-4.747713,0.010101010101010102,0.14862914862914864,0.1098280973290052
11,first_generated_token,True,False,7151,-3.615157,0.09579079848972172,0.3311424975527898,0.22851756701882883
11,first_generated_token,True,True,687,-3.29967,0.1819505094614265,0.4090247452692867,0.3017664378317395
11,question_last,False,False,11639,inf,0.12312054300197611,0.30260331643611993,0.23412084607398306
11,question_last,False,True,693,-6.34209,0.011544011544011544,0.08658008658008658,0.08841077049956599
11,question_last,True,False,7151,-4.57442,0.10334218990351,0.2757656271850091,0.21467871951727704
11,question_last,True,True,687,-5.833624,0.01601164483260553,0.09898107714701601,0.10050321471103132
12,answer_prefix,False,False,11639,inf,0.0840278374430793,0.27038405361285334,0.20024579995699648
12,answer_prefix,False,True,693,-5.6466184,0.001443001443001443,0.0836940836940837,0.0821853330788822
12,answer_prefix,True,False,7151,-4.3063803,0.07551391413788282,0.2550692210879597,0.18913925200971288
12,answer_prefix,True,True,687,-5.5530195,0.001455604075691412,0.050946142649199416,0.07396148808262562
12,entity_first,False,False,10691,inf,0.06126648582920213,0.2555420447105042,0.18335569863261333
12,entity_first,False,True,661,-4.333308,0.030257186081694403,0.15279878971255673,0.1278560189354293
12,entity_first,True,False,6484,-3.907774,0.06276989512646515,0.2555521283158544,0.18380586348268452
12,entity_first,True,True,663,-4.3355193,0.030165912518853696,0.14027149321266968,0.12447737680216976
12,entity_last,False,False,10691,inf,0.08268637171452624,0.27640071087830886,0.20402123137502076
12,entity_last,False,True,661,-4.2517285,0.030257186081694403,0.2405446293494705,0.15160577647564
12,entity_last,True,False,6484,-3.7597735,0.06971005552128316,0.2863972856261567,0.19969519592267462
12,entity_last,True,True,663,-4.1224804,0.03167420814479638,0.30618401206636503,0.16874918542450112
12,entity_mean,False,False,10691,inf,0.08109624918155457,0.2868768122720045,0.20576941434632293
12,entity_mean,False,True,661,-4.118416,0.0226928895612708,0.24357034795763993,0.14836525189431463
12,entity_mean,True,False,6484,-3.5415733,0.06955582973473165,0.2928747686613202,0.20342004340869915
12,entity_mean,True,True,663,-3.9571788,0.03619909502262444,0.2383107088989442,0.16176539492102512
12,final_prompt_token,False,False,11639,inf,0.05000429590170977,0.20895265916315836,0.16082101474074748
12,final_prompt_token,False,True,693,-3.607416,0.030303030303030304,0.18759018759018758,0.1340682204754361
12,final_prompt_token,True,False,7151,-3.4558644,0.04502866731925605,0.18892462592644385,0.15174160677453916
12,final_prompt_token,True,True,687,-3.7053287,0.036390101892285295,0.14264919941775836,0.1296284922434073
12,first_generated_token,False,False,11639,inf,0.05979895179998282,0.2620500042959017,0.18274581529366016
12,first_generated_token,False,True,693,-5.087545,0.004329004329004329,0.1443001443001443,0.10290207608881292
12,first_generated_token,True,False,7151,-3.892165,0.08026849391693469,0.31226401901831913,0.21161598235262488
12,first_generated_token,True,True,687,-3.8325477,0.12081513828238719,0.3318777292576419,0.24423558487025548
12,question_last,False,False,11639,inf,0.11169344445399089,0.2996821032734771,0.22641920749055935
12,question_last,False,True,693,-6.4249725,0.001443001443001443,0.07936507936507936,0.08382713255995762
12,question_last,True,False,7151,-4.6714554,0.096350160816669,0.2717102503146413,0.20973145786231007
12,question_last,True,True,687,-6.051081,0.004366812227074236,0.08151382823871907,0.09063566687570643
13,answer_prefix,False,False,11639,inf,0.08840965718704356,0.2683220207921643,0.20191081987029802
13,answer_prefix,False,True,693,-5.4032183,0.005772005772005772,0.09379509379509379,0.09297335016246519
13,answer_prefix,True,False,7151,-4.4720807,0.07761152286393512,0.25171304712627607,0.1905696976543146
13,answer_prefix,True,True,687,-5.206205,0.002911208151382824,0.07132459970887918,0.08528938870690328
13,entity_first,False,False,10691,inf,0.056121971751940884,0.24207277149003836,0.17542211368324673
13,entity_first,False,True,661,-4.2230854,0.024205748865355523,0.19364599092284418,0.1333239348667922
13,entity_first,True,False,6484,-3.8734322,0.05475015422578655,0.24228871067242444,0.17467504689299077
13,entity_first,True,True,663,-4.285491,0.0392156862745098,0.1493212669683258,0.13462570972895568
13,entity_last,False,False,10691,inf,0.08483771396501731,0.283509493966888,0.20718208084855375
13,entity_last,False,True,661,-4.227845,0.024205748865355523,0.2102874432677761,0.1406612203552564
13,entity_last,True,False,6484,-3.7086263,0.0783466995681678,0.2911782850092535,0.20857389671451465
13,entity_last,True,True,663,-4.0951343,0.03770739064856712,0.28205128205128205,0.17679417419912113
13,entity_mean,False,False,10691,inf,0.0760452717238799,0.2833224207277149,0.20250213643082846
13,entity_mean,False,True,661,-3.9393394,0.025718608169440244,0.23903177004538578,0.1534725414841696
13,entity_mean,True,False,6484,-3.4787798,0.07587908698334361,0.30181986428130786,0.20980277443249207
13,entity_mean,True,True,663,-3.8061447,0.05279034690799397,0.28355957767722473,0.18159503478786332
13,final_prompt_token,False,False,11639,inf,0.043044935131884184,0.20860898702637684,0.15414134106762079
13,final_prompt_token,False,True,693,-3.343256,0.04040404040404041,0.22655122655122656,0.16117499169553817
13,final_prompt_token,True,False,7151,-3.8340535,0.040274087540204166,0.18780590127254929,0.14766405630283025
13,final_prompt_token,True,True,687,-3.4562345,0.023289665211062592,0.22852983988355166,0.1541377544171468
13,first_generated_token,False,False,11639,inf,0.052495918893375716,0.24538190566199847,0.1741740609114142
13,first_generated_token,False,True,693,-4.4690127,0.025974025974025976,0.1645021645021645,0.13160572459529013
13,first_generated_token,True,False,7151,-3.8168528,0.07733184170046148,0.2946441057194798,0.20598225711617082
13,first_generated_token,True,True,687,-3.3995903,0.13100436681222707,0.35662299854439594,0.25285167266566594
13,question_last,False,False,11639,inf,0.10971732966749721,0.2940115130165822,0.2234237723573411
13,question_last,False,True,693,-5.7356706,0.002886002886002886,0.09668109668109669,0.08578283314002708
13,question_last,True,False,7151,-4.334659,0.09565095790798489,0.2738078590406936,0.20828902531907695
13,question_last,True,True,687,-5.578546,0.004366812227074236,0.06841339155749636,0.0869642821806112
14,answer_prefix,False,False,11639,inf,0.08832373915284818,0.2690952830999227,0.20239013543027357
14,answer_prefix,False,True,693,-5.1406155,0.007215007215007215,0.1240981240981241,0.09879699595909718
14,answer_prefix,True,False,7151,-4.290968,0.07006013145014683,0.24905607607327646,0.18405862483737148
14,answer_prefix,True,True,687,-4.9911723,0.010189228529839884,0.09461426491994178,0.09357859166316869
14,entity_first,False,False,10691,inf,0.056028435132354316,0.24319521092507718,0.17393813289477097
14,entity_first,False,True,661,-4.1581874,0.03328290468986384,0.1664145234493192,0.1334960473326611
14,entity_first,True,False,6484,-3.767946,0.0499691548426897,0.25092535471930905,0.17268667847478386
14,entity_first,True,True,663,-4.289346,0.049773755656108594,0.14328808446455504,0.13666941941692862
14,entity_last,False,False,10691,inf,0.0804414928444486,0.284164250303994,0.20398602493905849
14,entity_last,False,True,661,-4.0516872,0.03177004538577912,0.2027231467473525,0.14814679008117956
14,entity_last,True,False,6484,-3.6250489,0.07402837754472548,0.3015114127082048,0.20558256475837655
14,entity_last,True,True,663,-3.9427202,0.05128205128205128,0.3076923076923077,0.1973496076381081
14,entity_mean,False,False,10691,inf,0.07230380694041717,0.27986156580301186,0.19666079105114445
14,entity_mean,False,True,661,-3.719374,0.03177004538577912,0.2481089258698941,0.15747413272968747
14,entity_mean,True,False,6484,-3.3662775,0.07186921653300432,0.3104565083281925,0.20587266288105804
14,entity_mean,True,True,663,-3.6470037,0.06033182503770739,0.29260935143288086,0.18702352063719024
14,final_prompt_token,False,False,11639,inf,0.05997078786837357,0.22132485608729272,0.17018825099003917
14,final_prompt_token,False,True,693,-3.7924767,0.03318903318903319,0.18759018759018758,0.140305186932223
14,final_prompt_token,True,False,7151,-3.6808991,0.04544818906446651,0.1935393651237589,0.1534184948415934
14,final_prompt_token,True,True,687,-3.8028548,0.023289665211062592,0.1703056768558952,0.12819433505794883
14,first_generated_token,False,False,11639,inf,0.057736918979293755,0.25380187301314544,0.18020212282847498
14,first_generated_token,False,True,693,-4.7402534,0.01875901875901876,0.16161616161616163,0.12008137135411155
14,first_generated_token,True,False,7151,-3.928546,0.0711788561040414,0.30023772898895257,0.20262531221269395
14,first_generated_token,True,True,687,-3.722017,0.12081513828238719,0.32751091703056767,0.2428948322222154
14,question_last,False,False,11639,inf,0.10954549359910645,0.2993384311366956,0.22421275166243515
14,question_last,False,True,693,-5.2374725,0.008658008658008658,0.10245310245310245,0.09657923487089011
14,question_last,True,False,7151,-3.9939024,0.0921549433645644,0.26933296042511534,0.20456384567583435
14,question_last,True,True,687,-5.07886,0.011644832605531296,0.07860262008733625,0.09451624296335522
15,answer_prefix,False,False,11639,inf,0.078271329151989,0.26961079130509497,0.19726035417168428
15,answer_prefix,False,True,693,-4.5588117,0.012987012987012988,0.1341991341991342,0.10826108211967407
15,answer_prefix,True,False,7151,-3.882987,0.06768284156062089,0.2647182212278003,0.18793013891156773
15,answer_prefix,True,True,687,-4.4449124,0.01601164483260553,0.09461426491994178,0.10255604538839974
15,entity_first,False,False,10691,inf,0.05537367879524834,0.2428210644467309,0.17278503074024507
15,entity_first,False,True,661,-4.138589,0.0226928895612708,0.18305597579425115,0.1286624515758634
15,entity_first,True,False,6484,-3.898656,0.05259099321406539,0.24537322640345466,0.1727659790148265
15,entity_first,True,True,663,-4.1448245,0.03469079939668175,0.17496229260935142,0.13412319767414244
15,entity_last,False,False,10691,inf,0.08268637171452624,0.27883266298755965,0.20264660388726985
15,entity_last,False,True,661,-3.894625,0.036308623298033284,0.22844175491679275,0.15678203550593311
15,entity_last,True,False,6484,-3.7205,0.07402837754472548,0.29673041332510797,0.20527384520843475
15,entity_last,True,True,663,-3.8360038,0.06485671191553545,0.3137254901960784,0.20259147325607144
15,entity_mean,False,False,10691,inf,0.07539051538677392,0.267701805256758,0.19536082331901486
15,entity_mean,False,True,661,-3.6294599,0.036308623298033284,0.2405446293494705,0.1609993829046926
15,entity_mean,True,False,6484,-3.5152314,0.07356570018507094,0.2950339296730413,0.2035283891892647
15,entity_mean,True,True,663,-3.5517902,0.05429864253393665,0.3076923076923077,0.18762521502017007
15,final_prompt_token,False,False,11639,inf,0.05120714838044506,0.2306899218145889,0.16787249440415644
15,final_prompt_token,False,True,693,-3.5273423,0.03318903318903319,0.18614718614718614,0.13690522437010444
15,final_prompt_token,True,False,7151,-3.4494529,0.04363026150188785,0.21549433645643967,0.15861303920647535
15,final_prompt_token,True,True,687,-3.622378,0.01455604075691412,0.1703056768558952,0.11851725311782671
15,first_generated_token,False,False,11639,inf,0.05060572214107741,0.25990205344101724,0.17690571146357215
15,first_generated_token,False,True,693,-4.6709657,0.01443001443001443,0.13275613275613277,0.11555321435631244
15,first_generated_token,True,False,7151,-3.8133667,0.06950076912319955,0.28667319256048107,0.20053754028898602
15,first_generated_token,True,True,687,-3.564672,0.1339155749636099,0.32168850072780203,0.2426823981663906
15,question_last,False,False,11639,inf,0.10413265744479766,0.2965890540424435,0.2202482269654574
15,question_last,False,True,693,-5.1445937,0.002886002886002886,0.12121212121212122,0.09172093034997002
15,question_last,True,False,7151,-3.9015963,0.08754020416724934,0.26933296042511534,0.2018089430613159
15,question_last,True,True,687,-5.1034255,0.002911208151382824,0.08733624454148471,0.09005149178960585
16,answer_prefix,False,False,11639,inf,0.0844574276140562,0.2740785290832546,0.20266326772858917
16,answer_prefix,False,True,693,-4.886734,0.002886002886002886,0.11255411255411256,0.09382700946182448
16,answer_prefix,True,False,7151,-4.042611,0.07103901552230457,0.2647182212278003,0.18984497428451197
16,answer_prefix,True,True,687,-4.7914367,0.005822416302765648,0.11353711790393013,0.09474896381976375
16,entity_first,False,False,10691,inf,0.05200636049013189,0.24207277149003836,0.17122010356861256
16,entity_first,False,True,661,-4.0952682,0.03177004538577912,0.20121028744326777,0.1406248743114134
16,entity_first,True,False,6484,-3.7976868,0.05012338062924121,0.2555521283158544,0.17403242396167412
16,entity_first,True,True,663,-4.150943,0.033182503770739065,0.16440422322775264,0.13251612218922337
16,entity_last,False,False,10691,inf,0.07829015059395754,0.2804227855205313,0.20073912160080062
16,entity_last,False,True,661,-3.8405137,0.04084720121028744,0.23600605143721634,0.15842585086677857
16,entity_last,True,False,6484,-3.5471961,0.07680444170265269,0.29842689697717456,0.20557052102923504
16,entity_last,True,True,663,-3.8248613,0.06787330316742081,0.29260935143288086,0.20015404244515644
16,entity_mean,False,False,10691,inf,0.0698718548311664,0.272472172855673,0.1927478128857172
16,entity_mean,False,True,661,-3.6567001,0.046898638426626324,0.2556732223903177,0.16897913917147536
16,entity_mean,True,False,6484,-3.3188515,0.06570018507094386,0.3015114127082048,0.2023663704666802
16,entity_mean,True,True,663,-3.5580838,0.04072398190045249,0.2850678733031674,0.18225807900653118
16,final_prompt_token,False,False,11639,inf,0.06065813214193659,0.23627459403728843,0.17491453529336284
16,final_prompt_token,False,True,693,-4.0297575,0.01875901875901876,0.16594516594516595,0.12284059822936422
16,final_prompt_token,True,False,7151,-3.6521883,0.044748986155782405,0.22528317717801707,0.16166404399030898
16,final_prompt_token,True,True,687,-4.072336,0.036390101892285295,0.17758369723435224,0.13444099585469574
16,first_generated_token,False,False,11639,inf,0.04940286966234213,0.2482172007904459,0.17375827939141217
16,first_generated_token,False,True,693,-5.0207887,0.008658008658008658,0.13564213564213565,0.11010779914766389
16,first_generated_token,True,False,7151,-4.1455965,0.06740316039714725,0.2784225982380087,0.19469667865486742
16,first_generated_token,True,True,687,-4.146016,0.11499272197962154,0.2794759825327511,0.22084584832281784
16,question_last,False,False,11639,inf,0.10103960821376406,0.29487069335853594,0.2194395254614637
16,question_last,False,True,693,-5.379999,0.001443001443001443,0.08225108225108226,0.08403504287883062
16,question_last,True,False,7151,-4.006336,0.08879876940288071,0.2700321633337995,0.20326111082316262
16,question_last,True,True,687,-5.3072815,0.005822416302765648,0.06841339155749636,0.08661969243627061
17,answer_prefix,False,False,11639,inf,0.08110662428043647,0.2726179225019332,0.20072829208725765
17,answer_prefix,False,True,693,-5.683885,0.002886002886002886,0.06204906204906205,0.08493895295621019
17,answer_prefix,True,False,7151,-4.5537844,0.07215774017619914,0.25814571388616975,0.19029118269562117
17,answer_prefix,True,True,687,-5.5924263,0.0,0.06259097525473072,0.07796891709060984
17,entity_first,False,False,10691,inf,0.05593489851276775,0.24506594331680853,0.1746403665257675
17,entity_first,False,True,661,-4.1797843,0.0453857791225416,0.17095310136157338,0.14355834082410626
17,entity_first,True,False,6484,-3.8766146,0.05351634793337446,0.25308451573103025,0.17654736676007396
17,entity_first,True,True,663,-4.218278,0.0693815987933635,0.1493212669683258,0.1521878762466624
17,entity_last,False,False,10691,inf,0.0822186886165934,0.2804227855205313,0.20513374912531152
17,entity_last,False,True,661,-3.8713317,0.05446293494704992,0.22995461422087746,0.1661644582929907
17,entity_last,True,False,6484,-3.5447078,0.08806292412091302,0.30613818630475015,0.2144060795181886
17,entity_last,True,True,663,-3.854145,0.07993966817496229,0.28205128205128205,0.20300625069487768
17,entity_mean,False,False,10691,inf,0.0716490506033112,0.27284631933401926,0.19578674013364675
17,entity_mean,False,True,661,-3.7220335,0.04084720121028744,0.23903177004538578,0.16366185444925846
17,entity_mean,True,False,6484,-3.3592217,0.07001850709438619,0.30629241209130165,0.20601596714181566
17,entity_mean,True,True,663,-3.6429515,0.042232277526395176,0.2790346907993967,0.17402462312933945
17,final_prompt_token,False,False,11639,inf,0.06615688633044076,0.23309562677205944,0.17707457580527206
17,final_prompt_token,False,True,693,-4.2529855,0.021645021645021644,0.1544011544011544,0.11819606400976577
17,final_prompt_token,True,False,7151,-3.8223033,0.047825478953992445,0.2185708292546497,0.1612552915836723
17,final_prompt_token,True,True,687,-4.1892962,0.023289665211062592,0.1615720524017467,0.12358699393580966
17,first_generated_token,False,False,11639,inf,0.050863476243663545,0.24795944668785977,0.17354805016995203
17,first_generated_token,False,True,693,-5.1619897,0.017316017316017316,0.12698412698412698,0.11090053458883876
17,first_generated_token,True,False,7151,-4.2596083,0.06306810236330583,0.26863375751643126,0.18869937709781617
17,first_generated_token,True,True,687,-4.36393,0.0975254730713246,0.26055312954876275,0.20349869788503858
17,question_last,False,False,11639,inf,0.11049059197525561,0.2967608901108343,0.22606486024007805
17,question_last,False,True,693,-5.931077,0.001443001443001443,0.06782106782106782,0.0804666210506259
17,question_last,True,False,7151,-4.46165,0.09886729128793176,0.27534610543979865,0.21048088684135755
17,question_last,True,True,687,-5.8495483,0.0,0.05240174672489083,0.07788653267046353
18,answer_prefix,False,False,11639,inf,0.0840278374430793,0.2708136437838302,0.20135182262967122
18,answer_prefix,False,True,693,-5.779152,0.007215007215007215,0.07936507936507936,0.09022002884695027
18,answer_prefix,True,False,7151,-4.5800304,0.07327646483009369,0.26108236610264296,0.18979261138967382
18,answer_prefix,True,True,687,-5.786841,0.002911208151382824,0.0611353711790393,0.07920698795365341
18,entity_first,False,False,10691,inf,0.05658965484987372,0.24899448133944438,0.17634082131840817
18,entity_first,False,True,661,-4.155672,0.03328290468986384,0.18608169440242056,0.1407601801539869
18,entity_first,True,False,6484,-3.8805392,0.051974090067859344,0.2595619987661937,0.17705352930498025
18,entity_first,True,True,663,-4.1741176,0.048265460030165915,0.1478129713423831,0.14269518921638844
18,entity_last,False,False,10691,inf,0.08764381255261434,0.28173229819474327,0.20743275087651009
18,entity_last,False,True,661,-3.8390758,0.057488653555219364,0.1800302571860817,0.16030222391107635
18,entity_last,True,False,6484,-3.4718897,0.08235657001850709,0.29966070326958666,0.2093143253877423
18,entity_last,True,True,663,-3.8489738,0.042232277526395176,0.26244343891402716,0.17891990937852778
18,entity_mean,False,False,10691,inf,0.07305209989710972,0.27153680665980734,0.1970856942577361
18,entity_mean,False,True,661,-3.6760752,0.04387291981845688,0.21633888048411498,0.16184998876468318
18,entity_mean,True,False,6484,-3.2943041,0.08189389265885257,0.30490438001233805,0.21226191631383015
18,entity_mean,True,True,663,-3.5339255,0.06334841628959276,0.2609351432880845,0.1893836306614359
18,final_prompt_token,False,False,11639,inf,0.06160323051808574,0.23807887275539136,0.17647724480669108
18,final_prompt_token,False,True,693,-4.744069,0.011544011544011544,0.15295815295815296,0.11218944811582195
18,final_prompt_token,True,False,7151,-4.0510936,0.044748986155782405,0.22849951055796391,0.1615729952162469
18,final_prompt_token,True,True,687,-4.7173057,0.005822416302765648,0.14410480349344978,0.10654660347152957
18,first_generated_token,False,False,11639,inf,0.050863476243663545,0.24194518429418335,0.17195091175588711
18,first_generated_token,False,True,693,-4.860145,0.023088023088023088,0.12698412698412698,0.11958186923927411
18,first_generated_token,True,False,7151,-4.2183065,0.05593623269472801,0.26359949657390574,0.18244332837677416
18,first_generated_token,True,True,687,-4.171722,0.09898107714701601,0.26346433770014555,0.20385910344509856
18,question_last,False,False,11639,inf,0.0958845261620414,0.2893719391700318,0.21415078063001053
18,question_last,False,True,693,-5.333126,0.008658008658008658,0.09235209235209235,0.0893761679261571
18,question_last,True,False,7151,-4.032013,0.08516291427772339,0.2704516850790099,0.20025995870733926
18,question_last,True,True,687,-5.186546,0.001455604075691412,0.08733624454148471,0.08521474399805899
19,answer_prefix,False,False,11639,inf,0.07285849299768021,0.25457513532090387,0.18735301040032612
19,answer_prefix,False,True,693,-5.6230555,0.008658008658008658,0.09235209235209235,0.09309608410440287
19,answer_prefix,True,False,7151,-4.5157866,0.06139001538246399,0.24276324989511958,0.17687218831976798
19,answer_prefix,True,True,687,-5.626199,0.001455604075691412,0.06259097525473072,0.07910155781501496
19,entity_first,False,False,10691,inf,0.061547095687961836,0.2561968010476101,0.18029267786528794
19,entity_first,False,True,661,-4.009679,0.028744326777609682,0.18608169440242056,0.13201639695057485
19,entity_first,True,False,6484,-3.7321513,0.05737199259716225,0.2640345465761875,0.18284643380127616
19,entity_first,True,True,663,-4.0957437,0.04524886877828054,0.13725490196078433,0.13382903835986784
19,entity_last,False,False,10691,inf,0.09316247310822187,0.2936114488822374,0.21470939798983443
19,entity_last,False,True,661,-3.6891344,0.057488653555219364,0.2118003025718608,0.16863101759527568
19,entity_last,True,False,6484,-3.218408,0.08975940777297964,0.30613818630475015,0.21908091524553464
19,entity_last,True,True,663,-3.6592627,0.058823529411764705,0.27149321266968324,0.19178797839801778
19,entity_mean,False,False,10691,inf,0.07585819848470676,0.2824805911514358,0.20079909401134796
19,entity_mean,False,True,661,-3.5406759,0.030257186081694403,0.24508320726172467,0.15465924707153347
19,entity_mean,True,False,6484,-3.1192577,0.08621221468229488,0.3132325724861197,0.2158196390282809
19,entity_mean,True,True,663,-3.3917801,0.05279034690799397,0.2669683257918552,0.18079065469038064
19,final_prompt_token,False,False,11639,inf,0.061860984620671876,0.2268236102757969,0.17399902192390643
19,final_prompt_token,False,True,693,-4.66721,0.024531024531024532,0.1645021645021645,0.12384902186347807
19,final_prompt_token,True,False,7151,-4.2201753,0.04698643546357153,0.22514333659628025,0.16165802659090497
19,final_prompt_token,True,True,687,-4.784537,0.010189228529839884,0.10771470160116449,0.09730623259133708
19,first_generated_token,False,False,11639,inf,0.05498754188504167,0.24993556147435347,0.17679052061993858
19,first_generated_token,False,True,693,-4.877546,0.008658008658008658,0.13852813852813853,0.1128289997458548
19,first_generated_token,True,False,7151,-4.335577,0.05887288491120123,0.2630401342469585,0.1850180379520143
19,first_generated_token,True,True,687,-4.041552,0.11644832605531295,0.2925764192139738,0.2284409440264562
19,question_last,False,False,11639,inf,0.08342641120371166,0.2796632013059541,0.20311192874407094
19,question_last,False,True,693,-5.05599,0.008658008658008658,0.08513708513708514,0.09122700102129276
19,question_last,True,False,7151,-3.8006423,0.07551391413788282,0.26080268493916936,0.19270833731484147
19,question_last,True,True,687,-4.8927836,0.001455604075691412,0.11062590975254731,0.09027464024884635
20,answer_prefix,False,False,11639,inf,0.07354583727124324,0.2663459060056706,0.19282433745989966
20,answer_prefix,False,True,693,-5.891292,0.010101010101010102,0.13275613275613277,0.10814400710509608
20,answer_prefix,True,False,7151,-4.9194045,0.06390714585372675,0.25576842399664385,0.18486910729136002
20,answer_prefix,True,True,687,-5.638633,0.011644832605531296,0.1324599708879185,0.1102125584293326
20,entity_first,False,False,10691,inf,0.0593022168178842,0.26162192498363107,0.18351951280055478
20,entity_first,False,True,661,-4.1469846,0.015128593040847202,0.2102874432677761,0.12688390515609627
20,entity_first,True,False,6484,-3.7502973,0.058451573103022826,0.2644972239358421,0.18471855429940717
20,entity_first,True,True,663,-4.1464334,0.03619909502262444,0.167420814479638,0.13373629354526276
20,entity_last,False,False,10691,inf,0.08885978860723974,0.29969132915536434,0.21463753465058089
20,entity_last,False,True,661,-3.6995714,0.04084720121028744,0.22390317700453857,0.15974784850359314
20,entity_last,True,False,6484,-3.2882094,0.08821714990746453,0.30999383096853794,0.21902073429131014
20,entity_last,True,True,663,-3.6371334,0.07993966817496229,0.2971342383107089,0.20487076481868674
20,entity_mean,False,False,10691,inf,0.07623234496305303,0.29174071649050604,0.20419977454660443
20,entity_mean,False,True,661,-3.73182,0.024205748865355523,0.25416036308623297,0.15193908260861996
20,entity_mean,True,False,6484,-3.2090807,0.08837137569401604,0.31261566933991364,0.21772564474325873
20,entity_mean,True,True,663,-3.5172954,0.05429864253393665,0.2956259426847662,0.18526776009457896
20,final_prompt_token,False,False,11639,inf,0.07414726351061088,0.2587851189964774,0.1939598888540603
20,final_prompt_token,False,True,693,-4.8317823,0.02886002886002886,0.1919191919191919,0.13576275137712848
20,final_prompt_token,True,False,7151,-4.5412636,0.05943224723814851,0.2514333659628024,0.1818312779943965
20,final_prompt_token,True,True,687,-4.6589227,0.023289665211062592,0.1819505094614265,0.13574227474470918
20,first_generated_token,False,False,11639,inf,0.05876793538963829,0.26763467651860123,0.18499077100925027
20,first_generated_token,False,True,693,-4.6488757,0.01875901875901876,0.1414141414141414,0.11828830042662566
20,first_generated_token,True,False,7151,-4.1868877,0.06670395748846315,0.2837365403440078,0.1978100562115179
20,first_generated_token,True,True,687,-3.7341678,0.11499272197962154,0.3129548762736536,0.23367716499448465
20,question_last,False,False,11639,inf,0.07775582094681674,0.2708995618180256,0.19649002498821863
20,question_last,False,True,693,-5.290734,0.004329004329004329,0.10822510822510822,0.09702214850473338
20,question_last,True,False,7151,-4.3800707,0.06432666759893721,0.25073416305411833,0.1840652588197005
20,question_last,True,True,687,-5.2053094,0.004366812227074236,0.14264919941775836,0.10375657527523799
21,answer_prefix,False,False,11639,inf,0.0824813128275625,0.2863648079731936,0.20522911740960295
21,answer_prefix,False,True,693,-6.6814594,0.02886002886002886,0.15007215007215008,0.12309409375948585
21,answer_prefix,True,False,7151,-5.6385465,0.0760732764648301,0.29030904768563837,0.20123700474787393
21,answer_prefix,True,True,687,-6.373434,0.017467248908296942,0.2096069868995633,0.1359786351715852
21,entity_first,False,False,10691,inf,0.06715929286315593,0.26826302497427745,0.18846652993684967
21,entity_first,False,True,661,-4.3116155,0.024205748865355523,0.14977307110438728,0.11978457529022356
21,entity_first,True,False,6484,-3.6559198,0.0607649599012955,0.26095003084515733,0.18660328732792242
21,entity_first,True,True,663,-4.1658435,0.024132730015082957,0.138763197586727,0.12145970199022442
21,entity_last,False,False,10691,inf,0.08839210550930689,0.30137498830792253,0.2159947486916291
21,entity_last,False,True,661,-3.702887,0.059001512859304085,0.24508320726172467,0.17118065437243452
21,entity_last,True,False,6484,-3.2661266,0.09268969771745836,0.3255706354102406,0.22486991342934032
21,entity_last,True,True,663,-3.502536,0.07541478129713423,0.30165912518853694,0.20151687677263333
21,entity_mean,False,False,10691,inf,0.08090917594238144,0.29089888691422694,0.20639986033663044
21,entity_mean,False,True,661,-3.8289845,0.0226928895612708,0.24205748865355523,0.13890004339183004
21,entity_mean,True,False,6484,-3.1136703,0.08867982726711907,0.31508328192473783,0.2204510415054761
21,entity_mean,True,True,663,-3.410086,0.07390648567119155,0.28355957767722473,0.19157883105232357
21,final_prompt_token,False,False,11639,inf,0.08076295214365495,0.28086605378468943,0.20537813514334624
21,final_prompt_token,False,True,693,-5.5553336,0.015873015873015872,0.19047619047619047,0.13363335049552305
21,final_prompt_token,True,False,7151,-5.1374116,0.06922108795972591,0.28066004754579776,0.1965892223223512
21,final_prompt_token,True,True,687,-5.1763763,0.03784570596797671,0.2547307132459971,0.17233314723817159
21,first_generated_token,False,False,11639,inf,0.07217114872411719,0.2845605292550906,0.19909717104338723
21,first_generated_token,False,True,693,-4.6973243,0.012987012987012988,0.16594516594516595,0.12445126553064596
21,first_generated_token,True,False,7151,-3.9617627,0.08306530555167109,0.32149349741294925,0.2174591221939937
21,first_generated_token,True,True,687,-3.590986,0.13537117903930132,0.34934497816593885,0.2607833206404177
21,question_last,False,False,11639,inf,0.0763811323996907,0.2781166766904373,0.1987478364814893
21,question_last,False,True,693,-4.9438467,0.027417027417027416,0.19047619047619047,0.13471031364675956
21,question_last,True,False,7151,-4.4382405,0.06712347923367361,0.26024332261222205,0.18789774732305886
21,question_last,True,True,687,-4.906126,0.026200873362445413,0.21106259097525473,0.13349753235474096
22,answer_prefix,False,False,11639,inf,0.10344531317123465,0.3580204484921385,0.24193871802465827
22,answer_prefix,False,True,693,-6.2229156,0.024531024531024532,0.23232323232323232,0.15099254322393155
22,answer_prefix,True,False,7151,-5.1671066,0.10809676968256188,0.41294923786882953,0.2621220062391728
22,answer_prefix,True,True,687,-5.1434345,0.10334788937409024,0.4090247452692867,0.25925979327981385
22,entity_first,False,False,10691,inf,0.07080722102703209,0.27322046581236553,0.19393292594080547
22,entity_first,False,True,661,-4.027145,0.024205748865355523,0.16792738275340394,0.1312194471759795
22,entity_first,True,False,6484,-3.6445928,0.06570018507094386,0.27097470697100556,0.19232132556926304
22,entity_first,True,True,663,-3.9985683,0.01809954751131222,0.18099547511312217,0.12947350583528464
22,entity_last,False,False,10691,inf,0.0930689364886353,0.3090449911140211,0.2190482593818362
22,entity_last,False,True,661,-3.4223552,0.048411497730711045,0.21633888048411498,0.16569116297216108
22,entity_last,True,False,6484,-3.258877,0.08760024676125848,0.3243368291178285,0.22064272225999798
22,entity_last,True,True,663,-3.3552856,0.05128205128205128,0.28054298642533937,0.18708539242065464
22,entity_mean,False,False,10691,inf,0.08465064072584416,0.296511084089421,0.21268177719630416
22,entity_mean,False,True,661,-3.5740716,0.012102874432677761,0.21482602118003025,0.13873038750057498
22,entity_mean,True,False,6484,-3.0596032,0.08698334361505243,0.3218692165330043,0.22271239739196105
22,entity_mean,True,True,663,-3.298834,0.024132730015082957,0.2895927601809955,0.1706555775051204
22,final_prompt_token,False,False,11639,inf,0.10396082137640691,0.3562161697740356,0.24363449656554234
22,final_prompt_token,False,True,693,-5.014547,0.03751803751803752,0.30735930735930733,0.18073438444913922
22,final_prompt_token,True,False,7151,-4.520762,0.10711788561040414,0.4069360928541463,0.26491741691322646
22,final_prompt_token,True,True,687,-3.8238087,0.15283842794759825,0.5109170305676856,0.324001992733912
22,first_generated_token,False,False,11639,inf,0.0932210671019847,0.32511384139530886,0.2271629839721421
22,first_generated_token,False,True,693,-4.0783734,0.05194805194805195,0.25396825396825395,0.1765012399238461
22,first_generated_token,True,False,7151,-3.5301292,0.10697804502866731,0.3770102083624668,0.2493423193420185
22,first_generated_token,True,True,687,-2.9799976,0.17321688500727803,0.4294032023289665,0.30888567895722674
22,question_last,False,False,11639,inf,0.09373657530715697,0.2920353982300885,0.2142536644006455
22,question_last,False,True,693,-5.571473,0.007215007215007215,0.1673881673881674,0.10925439901585142
22,question_last,True,False,7151,-4.648057,0.0760732764648301,0.27282897496853586,0.19782867185175962
22,question_last,True,True,687,-5.1283336,0.026200873362445413,0.22125181950509462,0.1438908723231073
23,answer_prefix,False,False,11639,inf,0.14408454334564824,0.4447976630294699,0.2966698887926165
23,answer_prefix,False,True,693,-5.4229264,0.08513708513708514,0.36507936507936506,0.23208557620722114
23,answer_prefix,True,False,7151,-4.2720366,0.171724234372815,0.5460774716822822,0.34600388699789275
23,answer_prefix,True,True,687,-3.5125325,0.27365356622998543,0.6229985443959243,0.4370030139923876
23,entity_first,False,False,10691,inf,0.07988027312692919,0.3036198671780002,0.20905697873498982
23,entity_first,False,True,661,-4.0184917,0.030257186081694403,0.22390317700453857,0.15452236137520134
23,entity_first,True,False,6484,-3.3803437,0.08189389265885257,0.3146206045650833,0.21616702549222067
23,entity_first,True,True,663,-3.9661193,0.03167420814479638,0.2096530920060332,0.15336693287629136
23,entity_last,False,False,10691,inf,0.09980357309886821,0.32045645870358247,0.22820896808885757
23,entity_last,False,True,661,-3.3528128,0.06959152798789713,0.26626323751891073,0.19495920838889347
23,entity_last,True,False,6484,-3.0268645,0.11135101789019124,0.35070943861813697,0.24724696929710607
23,entity_last,True,True,663,-2.9612012,0.11312217194570136,0.3680241327300151,0.2504915680778231
23,entity_mean,False,False,10691,inf,0.10008418295762792,0.3320549995323169,0.2329375507867738
23,entity_mean,False,True,661,-3.4361594,0.04236006051437216,0.29046898638426627,0.17910756466120986
23,entity_mean,True,False,6484,-2.7993426,0.11906230721776681,0.37075879086983343,0.2608342692280617
23,entity_mean,True,True,663,-2.9549613,0.08295625942684766,0.37858220211161386,0.23435554893655938
23,final_prompt_token,False,False,11639,inf,0.14107741214881003,0.4524443680728585,0.2961533379216061
23,final_prompt_token,False,True,693,-4.2851114,0.12842712842712842,0.42712842712842713,0.2800981055611781
23,final_prompt_token,True,False,7151,-3.5090916,0.17675849531534052,0.560201370437701,0.35249422298088984
23,final_prompt_token,True,True,687,-2.247628,0.3289665211062591,0.7336244541484717,0.5051111723305607
23,first_generated_token,False,False,11639,inf,0.12612767419881432,0.38242117020362576,0.264798964560121
23,first_generated_token,False,True,693,-3.59454,0.07215007215007214,0.3593073593073593,0.2239618019486891
23,first_generated_token,True,False,7151,-3.1458218,0.16710949517549992,0.4319675569850371,0.3091064014218819
23,first_generated_token,True,True,687,-2.2108645,0.24890829694323144,0.5429403202328966,0.3895766170677106
23,question_last,False,False,11639,inf,0.10370306727382078,0.3133430707105421,0.22726391643710686
23,question_last,False,True,693,-5.147544,0.027417027417027416,0.20057720057720058,0.13356284378241864
23,question_last,True,False,7151,-4.183285,0.0970493637253531,0.3249895119563697,0.22826055192639805
23,question_last,True,True,687,-4.2571173,0.09315866084425037,0.3245997088791849,0.21958190070910244
24,answer_prefix,False,False,11639,inf,0.20972592147091673,0.562934960048114,0.375611377869396
24,answer_prefix,False,True,693,-4.6309586,0.17027417027417027,0.5757575757575758,0.3546507119162356
24,answer_prefix,True,False,7151,-2.9025831,0.28779191721437564,0.7052160536987834,0.47122914006910294
24,answer_prefix,True,True,687,-1.2732645,0.4657933042212518,0.8107714701601164,0.622373101801339
24,entity_first,False,False,10691,inf,0.10345150126274437,0.35244598260218873,0.2399625860890328
24,entity_first,False,True,661,-3.8269627,0.07715582450832073,0.29652042360060515,0.20358857750518114
24,entity_first,True,False,6484,-3.2652392,0.11104256631708821,0.3735348550277606,0.25339918584353904
24,entity_first,True,True,663,-3.624035,0.07541478129713423,0.3092006033182504,0.20953388569017847
24,entity_last,False,False,10691,inf,0.11364699279768029,0.38116172481526517,0.2538705460365378
24,entity_last,False,True,661,-3.209232,0.09833585476550681,0.32223903177004537,0.22837954473822483
24,entity_last,True,False,6484,-2.6483846,0.13325107958050586,0.42766810610734113,0.2848268249861048
24,entity_last,True,True,663,-2.432363,0.167420814479638,0.46304675716440424,0.3123880293617525
24,entity_mean,False,False,10691,inf,0.12225236179964456,0.4101580768871013,0.27128692269826216
24,entity_mean,False,True,661,-3.1843657,0.12405446293494705,0.3464447806354009,0.25452833356703986
24,entity_mean,True,False,6484,-2.4680147,0.15823565700185072,0.47100555212831585,0.31420039121508014
24,entity_mean,True,True,663,-2.3033705,0.1975867269984917,0.46003016591251883,0.34088347688936577
24,final_prompt_token,False,False,11639,inf,0.20921041326574447,0.5703239109889165,0.3769156316469197
24,final_prompt_token,False,True,693,-3.8345964,0.18614718614718614,0.6334776334776335,0.385207250976313
24,final_prompt_token,True,False,7151,-2.3445535,0.31002656971053,0.7127674451125716,0.4878714730878016
24,final_prompt_token,True,True,687,0.073318,0.5414847161572053,0.8544395924308588,0.6820516896646377
24,first_generated_token,False,False,11639,inf,0.17896726522897155,0.473494286450726,0.3294907612031377
24,first_generated_token,False,True,693,-3.2132843,0.16017316017316016,0.5064935064935064,0.3298042959706188
24,first_generated_token,True,False,7151,-2.6234844,0.24597958327506642,0.5467766745909663,0.3950189534174578
24,first_generated_token,True,True,687,-1.263261,0.34497816593886466,0.6506550218340611,0.49705854388407605
24,question_last,False,False,11639,inf,0.11358364120628921,0.3550133172953003,0.2467068805619867
24,question_last,False,True,693,-4.532888,0.044733044733044736,0.29292929292929293,0.17554461828354537
24,question_last,True,False,7151,-3.687027,0.12613620472661166,0.4245560061529856,0.2751289809580146
24,question_last,True,True,687,-3.2734258,0.16739446870451238,0.4890829694323144,0.3202078292059093
25,answer_prefix,False,False,11639,inf,0.25766818455193746,0.6424091416788383,0.43250122277547803
25,answer_prefix,False,True,693,-3.7681956,0.21356421356421357,0.6623376623376623,0.4056371865426022
25,answer_prefix,True,False,7151,-1.6060175,0.3792476576702559,0.7959725912459796,0.5583953578784606
25,answer_prefix,True,True,687,-0.08022756,0.5225618631732168,0.8791848617176128,0.6784659190189779
25,entity_first,False,False,10691,inf,0.12720980263773268,0.36797306145355907,0.26199143626261184
25,entity_first,False,True,661,-3.8085601,0.0907715582450832,0.264750378214826,0.21149295302943039
25,entity_first,True,False,6484,-3.0633092,0.13957433682911782,0.40607649599012957,0.2839992749945117
25,entity_first,True,True,663,-3.4304795,0.09954751131221719,0.3333333333333333,0.235527810364588
25,entity_last,False,False,10691,inf,0.1332896829108596,0.41941820222617154,0.28017247404130435
25,entity_last,False,True,661,-3.2772222,0.12254160363086233,0.29652042360060515,0.23676261464705997
25,entity_last,True,False,6484,-2.2513244,0.16116594694632944,0.48766193707587907,0.32003759836617957
25,entity_last,True,True,663,-2.2410998,0.22171945701357465,0.46003016591251883,0.3448323700626423
25,entity_mean,False,False,10691,inf,0.15302590964362547,0.4439247965578524,0.3015976748254228
25,entity_mean,False,True,661,-3.2937753,0.09682299546142209,0.3464447806354009,0.23964651795946545
25,entity_mean,True,False,6484,-2.1127903,0.19154842689697718,0.5220542874768661,0.350858371531331
25,entity_mean,True,True,663,-2.2916977,0.17647058823529413,0.5113122171945701,0.341941306313471
25,final_prompt_token,False,False,11639,inf,0.26540080762952145,0.6489389122776871,0.43914938532592956
25,final_prompt_token,False,True,693,-3.1800816,0.2510822510822511,0.7070707070707071,0.4467626449894785
25,final_prompt_token,True,False,7151,-1.1251401,0.40469864354635715,0.8021255768423997,0.5765355963568044
25,final_prompt_token,True,True,687,0.89321077,0.6244541484716157,0.9228529839883551,0.7502267997992283
25,first_generated_token,False,False,11639,inf,0.2098977575393075,0.5330354841481227,0.36873121813094334
25,first_generated_token,False,True,693,-2.960511,0.21645021645021645,0.5873015873015873,0.38394436685756
25,first_generated_token,True,False,7151,-1.9253813,0.3140819465808978,0.6189344147671655,0.46219989040350407
25,first_generated_token,True,True,687,-0.5955048,0.4090247452692867,0.7860262008733624,0.5761500021636439
25,question_last,False,False,11639,inf,0.1270727725749635,0.3884354325973022,0.2662159481960187
25,question_last,False,True,693,-4.015912,0.08225108225108226,0.3593073593073593,0.22756808861507893
25,question_last,True,False,7151,-3.128576,0.1620752342329744,0.49000139840581736,0.31979301150554046
25,question_last,True,True,687,-2.593394,0.22998544395924309,0.5458515283842795,0.3819851141274175
26,answer_prefix,False,False,11639,inf,0.3016582180599708,0.708308273906693,0.4809051414159797
26,answer_prefix,False,True,693,-3.367602,0.26695526695526695,0.7215007215007215,0.46334495453461655
26,answer_prefix,True,False,7151,-0.5767823,0.4663683400922948,0.8618375052440218,0.6342366149601529
26,answer_prefix,True,True,687,1.2576715,0.604075691411936,0.9112081513828238,0.7387851983225205
26,entity_first,False,False,10691,inf,0.12141053222336545,0.3804134318585726,0.26068764059808974
26,entity_first,False,True,661,-3.916423,0.08472012102874432,0.2526475037821483,0.1997999918026526
26,entity_first,True,False,6484,-3.0089355,0.15160394818013573,0.4199568167797656,0.2929223049251596
26,entity_first,True,True,663,-3.3811595,0.1191553544494721,0.2971342383107089,0.2372086366591294
26,entity_last,False,False,10691,inf,0.13169956037788794,0.43354223178374335,0.28373014739143915
26,entity_last,False,True,661,-3.2844217,0.13161875945537066,0.3040847201210287,0.23752232147560565
26,entity_last,True,False,6484,-2.1766787,0.1731955582973473,0.5055521283158544,0.3358032512529996
26,entity_last,True,True,663,-2.2611432,0.22021116138763197,0.45852187028657615,0.34171203334962647
26,entity_mean,False,False,10691,inf,0.15461603217659714,0.45645870358245255,0.30712409096066956
26,entity_mean,False,True,661,-3.2250767,0.13010590015128592,0.3358547655068079,0.24984832760247183
26,entity_mean,True,False,6484,-1.9811566,0.2094386181369525,0.5541332510795806,0.3739569001780813
26,entity_mean,True,True,663,-2.227801,0.21417797888386123,0.48265460030165913,0.3489722905657979
26,final_prompt_token,False,False,11639,inf,0.31428816908669127,0.7120886674112896,0.4885505281476681
26,final_prompt_token,False,True,693,-2.9735546,0.2943722943722944,0.7474747474747475,0.4921704526587103
26,final_prompt_token,True,False,7151,0.010696626,0.5021675290169207,0.8629562298979164,0.6580814702883991
26,final_prompt_token,True,True,687,2.3561645,0.6579330422125182,0.9315866084425036,0.784043476368984
26,first_generated_token,False,False,11639,inf,0.2343843972849901,0.5765100094509837,0.40004383484459677
26,first_generated_token,False,True,693,-2.7419078,0.23088023088023088,0.6002886002886003,0.4053641713167503
26,first_generated_token,True,False,7151,-1.2382288,0.39295203468046425,0.6924905607607328,0.5345014029001984
26,first_generated_token,True,True,687,0.25019518,0.4890829694323144,0.8165938864628821,0.6333495012992988
26,question_last,False,False,11639,inf,0.12672910043818197,0.403642924649884,0.27168850334046624
26,question_last,False,True,693,-4.0629,0.07503607503607504,0.3953823953823954,0.22599282117418498
26,question_last,True,False,7151,-3.0340648,0.1773178576422878,0.5203468046427073,0.33984829865713906
26,question_last,True,True,687,-2.3289132,0.2663755458515284,0.5822416302765647,0.4123886482689459
27,answer_prefix,False,False,11639,inf,0.3388607268665693,0.769052324082825,0.5226012129158861
27,answer_prefix,False,True,693,-3.322947,0.22655122655122656,0.6940836940836941,0.4248590431373552
27,answer_prefix,True,False,7151,0.27352148,0.5544679065864914,0.9085442595441197,0.7063001243067852
27,answer_prefix,True,True,687,0.6408628,0.5880640465793304,0.9053857350800583,0.7308265905694586
27,entity_first,False,False,10691,inf,0.1432981012066224,0.4019268543634833,0.27839008700893897
27,entity_first,False,True,661,-4.27824,0.07413010590015129,0.2344931921331316,0.18192987480278822
27,entity_first,True,False,6484,-2.965528,0.1540715607649599,0.44802590993214064,0.2992742416613456
27,entity_first,True,True,663,-3.5600653,0.09200603318250378,0.2473604826546003,0.20135564126500693
27,entity_last,False,False,10691,inf,0.14694602937049855,0.43204564587035826,0.29318481047885164
27,entity_last,False,True,661,-3.9296036,0.0453857791225416,0.2783661119515885,0.1810457264114575
27,entity_last,True,False,6484,-2.4415786,0.15885256014805677,0.5087908698334361,0.328731800196232
27,entity_last,True,True,663,-2.8061528,0.13574660633484162,0.42081447963800905,0.2832013608208352
27,entity_mean,False,False,10691,inf,0.1549901786549434,0.4622579739968198,0.30772452655225724
27,entity_mean,False,True,661,-3.9049501,0.07110438729198185,0.2481089258698941,0.19352107133146312
27,entity_mean,True,False,6484,-2.3788168,0.1741209130166564,0.5498149290561382,0.34891329708454133
27,entity_mean,True,True,663,-2.797147,0.11613876319758673,0.40874811463046756,0.2711224048672466
27,final_prompt_token,False,False,11639,inf,0.37623507174155857,0.7864936850244867,0.5513181531888507
27,final_prompt_token,False,True,693,-2.3660839,0.2813852813852814,0.7546897546897547,0.4926591962289932
27,final_prompt_token,True,False,7151,1.1755654,0.6218710669836387,0.9318976366941687,0.7558475986201335
27,final_prompt_token,True,True,687,2.1677668,0.6841339155749636,0.9403202328966521,0.7997534585034117
27,first_generated_token,False,False,11639,inf,0.26239367643268324,0.6372540596271157,0.43430033948819063
27,first_generated_token,False,True,693,-2.5971785,0.21645021645021645,0.5916305916305916,0.39336577836226627
27,first_generated_token,True,False,7151,-0.5800667,0.41085162914277723,0.7647881415186687,0.5697199827052879
27,first_generated_token,True,True,687,-0.16085772,0.4468704512372635,0.8093158660844251,0.5992345647966744
27,question_last,False,False,11639,inf,0.15052839591030157,0.4492654008076295,0.30107131045045066
27,question_last,False,True,693,-3.2193155,0.1038961038961039,0.455988455988456,0.2673906979180501
27,question_last,True,False,7151,-2.4484184,0.2110194378408614,0.5758635155922248,0.37798159214341537
27,question_last,True,True,687,-1.8293722,0.2794759825327511,0.6433770014556041,0.44204861692807057
28,answer_prefix,False,False,11639,inf,0.30672738207749806,0.7271243233954807,0.49396423294982356
28,answer_prefix,False,True,693,-3.9922717,0.23665223665223664,0.7344877344877345,0.45467300013584283
28,answer_prefix,True,False,7151,-0.4045031,0.5315340511816529,0.8758215634177038,0.6854716648854907
28,answer_prefix,True,True,687,0.24544467,0.6055312954876274,0.8981077147016011,0.7351077455742255
28,entity_first,False,False,10691,inf,0.11570479842858479,0.3689084276494248,0.2528633892439713
28,entity_first,False,True,661,-5.7983537,0.05446293494704992,0.2813918305597579,0.18638654102418933
28,entity_first,True,False,6484,-4.369623,0.13278840222085134,0.40916101172115976,0.2779641955551535
28,entity_first,True,True,663,-5.0456195,0.058823529411764705,0.35444947209653094,0.2089487724399594
28,entity_last,False,False,10691,inf,0.13759236741184175,0.42886540080441493,0.28653500684991956
28,entity_last,False,True,661,-4.289215,0.11800302571860817,0.47655068078668683,0.28068133247250326
28,entity_last,True,False,6484,-3.8353913,0.15854410857495374,0.5063232572486119,0.3252100682059975
28,entity_last,True,True,663,-2.8727493,0.2081447963800905,0.665158371040724,0.4059314460436423
28,entity_mean,False,False,10691,inf,0.15199700682817324,0.4642222430081377,0.30590790230507037
28,entity_mean,False,True,661,-5.1893873,0.11346444780635401,0.4084720121028744,0.2658395247736369
28,entity_mean,True,False,6484,-3.6695209,0.17550894509561998,0.5347008019740901,0.3444928673523639
28,entity_mean,True,True,663,-3.3979106,0.19004524886877827,0.6244343891402715,0.38302881427876545
28,final_prompt_token,False,False,11639,inf,0.34143826789243065,0.7621788813471948,0.5243317014047442
28,final_prompt_token,False,True,693,-2.136283,0.34054834054834054,0.8326118326118326,0.5511862078259906
28,final_prompt_token,True,False,7151,1.1380795,0.6116627045168508,0.9074255348902251,0.742660341286989
28,final_prompt_token,True,True,687,2.8598359,0.7365356622998545,0.9592430858806404,0.8350756305360196
28,first_generated_token,False,False,11639,inf,0.23481398745596702,0.5566629435518515,0.39209421039698966
28,first_generated_token,False,True,693,-3.024401,0.22366522366522368,0.6406926406926406,0.4129144556324051
28,first_generated_token,True,False,7151,-2.0797746,0.35295762830373373,0.6864774157460495,0.5079168688536136
28,first_generated_token,True,True,687,-1.0185211,0.3930131004366812,0.7903930131004366,0.5694693322141711
28,question_last,False,False,11639,inf,0.1512157401838646,0.4401580891829195,0.29909223344222363
28,question_last,False,True,693,-4.387594,0.13131313131313133,0.5252525252525253,0.30593089672269674
28,question_last,True,False,7151,-4.0711203,0.20934135086001956,0.5629981820724375,0.3773497534946093
28,question_last,True,True,687,-2.744742,0.30858806404657935,0.6797671033478894,0.47032556922741253
